Consultas principales,Clics,Impresiones,CTR,Posición
griffo,352,1169,30.11%,03.03
griffo catalogo,168,197,85.28%,1.99
catalogo griffo,141,166,84.94%,1
catalogo grifo,30,34,88.24%,1
griffo srl,26,80,32.5%,1
grifo,20,2370,0.84%,06.03
grifo fuelles,6,7,85.71%,1
grifo catalogo,5,10,50%,1
griffo fuelles,3,20,15%,1
pinza para abrazaderas,2,172,1.16%,05.09
extractor homocinetica,1,64,1.56%,5.34
herramienta para poner fuelles de homocinetica,1,15,6.67%,4.13
frifo,1,6,16.67%,4.33
empresa griffo,1,5,20%,1
grffo,1,3,33.33%,2.67
griffp,1,2,50%,1
friffo,1,2,50%,2
groffo,1,1,100%,1
fuelle,0,967,0%,6.61
distrisuper,0,623,0%,7.88
extractor de homocinetica,0,221,0%,4.24
extractor de junta homocinetica,0,210,0%,2.45
fuelles,0,201,0%,7.6
pinza para abrazadera,0,136,0%,7.45
extractor de juntas homocineticas,0,96,0%,03.08
fuelles de direccion,0,40,0%,5
distrisuper srl,0,39,0%,8.28
extractor de homocinética,0,37,0%,06.08
fuelle de cremallera,0,37,0%,6.27
fuelle de direccion,0,36,0%,07.08
extractor de homocineticas,0,32,0%,1.47
fuelle auto,0,31,0%,7.48
grufo,0,29,0%,5.79
speedy formosa,0,29,0%,10.28
fuelle de semieje lado caja,0,27,0%,01.07
pinza de abrazaderas,0,27,0%,02.04
grupo grifo,0,26,0%,5.92
universal autopiezas,0,23,0%,9.61
405504-35c,0,23,0%,57.26
autopiezas centenario,0,20,0%,5.95
extractor junta homocinetica,0,17,0%,3.47
distrisuper buenos aires,0,17,0%,6.41
pinza abrazadera,0,17,0%,6.59
pinza para abrazadera de presion,0,16,0%,1
extractor de semieje,0,16,0%,1.25
fuelles griffo,0,16,0%,3.88
extractor de juntas homocinéticas,0,15,0%,1.67
extractor de juntas,0,15,0%,3.33
fuelle extremo de direccion,0,15,0%,5.67
pinzas para abrazaderas,0,15,0%,6.67
fuelle de,0,14,0%,5.21
fuelle direccion,0,14,0%,6.57
10091827,0,14,0%,7.86
autopiezas click direccion,0,14,0%,10.93
fuelles auto,0,13,0%,9.23
pinza abrazaderas,0,12,0%,1.5
peon repuestos,0,12,0%,6.92
fuelle universal,0,11,0%,1.73
tope y fuelle amortiguador,0,11,0%,2.64
fuelle homocinetica,0,11,0%,12.91
pinza para abrazaderas metalicas,0,10,0%,1
fuelle de dirección,0,10,0%,4.1
etman cordoba,0,10,0%,5.3
site:https://griffo.com.ar,0,10,0%,46
extractor de junta homocinética,0,9,0%,2.78
herramienta para sacar homocinetica,0,9,0%,4.11
jfcorrea,0,9,0%,6.22
fueller,0,8,0%,6.12
colocador de fuelles de homocineticas,0,8,0%,7.75
herramienta para sacar juntas homocineticas,0,7,0%,1
montadora,0,7,0%,1
extractor de fuelle de homocinética,0,7,0%,1.29
extractor de flechas homocineticas,0,7,0%,1.86
abrazadera universal,0,7,0%,5.29
fuelle de homocinética abierto,0,7,0%,6.43
fuelle cremallera,0,7,0%,7.14
herramienta para colocar fuelles homocinetica,0,7,0%,8.14
expoyer cordoba,0,7,0%,10.29
pinza para abrazaderas de presion,0,6,0%,2.17
46738225,0,6,0%,4
maquina para cambiar fuelles de homocinetica,0,6,0%,5.33
grupo griffo,0,6,0%,5.67
grfo,0,6,0%,7.17
guido badaloni,0,6,0%,7.83
pinza para abrir abrazaderas,0,5,0%,1
griffo.,0,5,0%,1.8
483310d080,0,5,0%,3.4
centenario global,0,5,0%,4
pinzas para abrazadera,0,5,0%,6.8
jumasa sa,0,5,0%,7.4
griffos,0,5,0%,12
extraer cs4,0,5,0%,49
fuelle y tope de amortiguador,0,4,0%,1
grfio,0,4,0%,1.25
fuelles direccion,0,4,0%,3.75
grifo empresa,0,4,0%,3.75
extractor juntas homocineticas,0,4,0%,4.75
megaparts s.a,0,4,0%,5.25
megaparts,0,4,0%,6.25
grifo srl,0,4,0%,7
juma sa,0,4,0%,9.25
fuelle de homocinetica,0,4,0%,10.5
fuelles de homocinetica,0,4,0%,10.75
expoyer login,0,4,0%,11.75
fazio repuestos,0,4,0%,16.5
pinza abrazadera de presion,0,3,0%,1
extractor de homocinéticas,0,3,0%,1.67
grifo rosario,0,3,0%,2.33
extractor homocinética,0,3,0%,3
fuelle homocinetica universal,0,3,0%,3.67
abrazaderas medidas,0,3,0%,4
grifo official website,0,3,0%,4
grifp,0,3,0%,4.33
fuelles de dirección,0,3,0%,5
pinzas para abrazaderas de presión,0,3,0%,5
rural santa fe saica,0,3,0%,5.67
fgrifo,0,3,0%,6
fuelles de goma,0,3,0%,6.33
abrazadera f,0,3,0%,7
grifa,0,3,0%,7
pinzas de abrazaderas,0,3,0%,7
fuelle direccion universal,0,3,0%,8.67
extractor homocinetica lado caja,0,2,0%,1
address,0,2,0%,2
extractor para junta homocinetica,0,2,0%,2
grifo cerca de mi,0,2,0%,2
8201108358,0,2,0%,2.5
asirsa,0,2,0%,2.5
extractor homocineticas,0,2,0%,3.5
fiat 258,0,2,0%,4
extrator de homocinetica,0,2,0%,4.5
fuelles abiertos,0,2,0%,4.5
grifoo,0,2,0%,4.5
citroen 3501,0,2,0%,5
grifo.,0,2,0%,5.5
el griffo,0,2,0%,6
fuellr,0,2,0%,6.5
gtifo,0,2,0%,6.5
136-32,0,2,0%,7
fabrica de caucho,0,2,0%,7
233/12,0,2,0%,7.5
144/32,0,2,0%,8
180/35,0,2,0%,8.5
el grifo,0,2,0%,8.5
fuelle de la cremallera,0,2,0%,8.5
peugeot 315,0,2,0%,8.5
46466617,0,2,0%,9
8p0 807 183 a,0,2,0%,9
versa 32,0,2,0%,10
topes de amortiguadores,0,2,0%,11
fueñle,0,2,0%,12
pinza trabajo,0,2,0%,13
distribuidora sur srl,0,2,0%,14.5
tablada repuestos santa fe,0,2,0%,25
serrat fuelles,0,2,0%,27
tope amortiguador,0,2,0%,34
cremallera universal,0,1,0%,1
expansor de fuelles de homocineticas,0,1,0%,1
extractor de punta de eje,0,1,0%,1
fuelle hidraulico,0,1,0%,1
ornella griffo,0,1,0%,1
pinza para sacar abrazaderas,0,1,0%,1
si,0,1,0%,1
tyago griffo,0,1,0%,1
183-32,0,1,0%,2
abrazadera de pinza,0,1,0%,2
de que marca es,0,1,0%,2
extractor de juntas homocinéticas universal,0,1,0%,2
fuelle de semieje,0,1,0%,2
griffico,0,1,0%,2
grifgo,0,1,0%,2
144-32,0,1,0%,3
232/32,0,1,0%,3
7701469021,0,1,0%,3
fuelle semieje corsa,0,1,0%,3
valor,0,1,0%,3
greffo,0,1,0%,4
griffi,0,1,0%,4
grifo independencia,0,1,0%,4
grimfo,0,1,0%,4
pinzas abrazaderas,0,1,0%,4
sacador de homocinética,0,1,0%,4
058 121 065 a,0,1,0%,5
93242870,0,1,0%,5
extractor para juntas homocinéticas,0,1,0%,5
fuelle abierto homocinetica,0,1,0%,5
grifo trabajo,0,1,0%,5
grifon srl,0,1,0%,5
grifro,0,1,0%,5
gruifo,0,1,0%,5
109-32,0,1,0%,6
260/15,0,1,0%,6
4741222,0,1,0%,6
abrazadera,0,1,0%,6
carroceria amarok,0,1,0%,6
fuelle cremallera dirección,0,1,0%,6
fuelles a medida,0,1,0%,6
girfo,0,1,0%,6
kit de fuelle,0,1,0%,6
palier 208,0,1,0%,6
180-35%,0,1,0%,7
autopartes guido badaloni s.a,0,1,0%,7
distri super,0,1,0%,7
fuelles de cremallera,0,1,0%,7
jrifo,0,1,0%,7
160-32,0,1,0%,8
180-35,0,1,0%,8
abrazadera pinza,0,1,0%,8
fuelle amortiguador,0,1,0%,8
fuelle para amortiguadores,0,1,0%,8
fuelles cremalleras de dirección,0,1,0%,8
fuello,0,1,0%,8
grifo shell,0,1,0%,8
146/15,0,1,0%,9
260*1.9,0,1,0%,9
90223012,0,1,0%,9
arnet formosa,0,1,0%,9
centenario distribuidora,0,1,0%,9
fuelle universal abierto,0,1,0%,9
grasa de alto rendimiento,0,1,0%,9
linea 32a,0,1,0%,9
pinzas para abrasaderas,0,1,0%,9
topes de suspencion,0,1,0%,9
238/32,0,1,0%,10
35104910,0,1,0%,10
49542-n0055,0,1,0%,10
51799795,0,1,0%,10
distrisuper mar del plata,0,1,0%,10
fuelle de homocinética,0,1,0%,10
fuelles universales,0,1,0%,10
grifo flores,0,1,0%,10
juma neuquen,0,1,0%,10
peón repuestos,0,1,0%,10
precio,0,1,0%,10
144 - 32,0,1,0%,11
expoyer tienda online,0,1,0%,11
fuelle cremallera direccion,0,1,0%,11
fuelles de amortiguadores,0,1,0%,11
juma san juan,0,1,0%,11
medida de abrazaderas,0,1,0%,11
suspension deportiva,0,1,0%,11
238-32,0,1,0%,12
arnetbiz,0,1,0%,12
fiat kuga,0,1,0%,12
furlle,0,1,0%,12
grifod,0,1,0%,12
hotel griffo,0,1,0%,12
prisma 206,0,1,0%,12
جريفو,0,1,0%,12
fuelle?,0,1,0%,13
fuellle,0,1,0%,14
condiciones,0,1,0%,17
distribuidora pilo,0,1,0%,17
autopiezas formosa,0,1,0%,18
fuelle de auto,0,1,0%,19
gralifer,0,1,0%,19
doza refacciones,0,1,0%,21
fuelle de homocinetica para pegar,0,1,0%,22
pilo pucheta junin,0,1,0%,26
fuelle de caja de direccion,0,1,0%,28
homocineticos julio,0,1,0%,28
arnet salta,0,1,0%,37
cod 2523,0,1,0%,45
extraer en cs4,0,1,0%,45
fuelles de auto,0,1,0%,46
maza 443 buenos aires,0,1,0%,46
el nono santa clara del mar,0,1,0%,58
fuelle precio,0,1,0%,63
laguna del ceibal jujuy,0,1,0%,81
las cortaderas mar de las pampas,0,1,0%,94