Nombre;Teléfono;Email;Provincia;Provincia para filtro
Autopiezas Centenario;011 4286-4977 / 4286-2624 / 4276-4910;info@centenarioglobal.com.ar;buenos aires;Buenos Aires
Distribuidora Sur S.H;011 4293-2111;distrisursh@uolsinectics.com.ar;buenos aires;Buenos Aires
Distrisuper S.R.L.;02302-423388/422115;adminpico@distrisuper.com;buenos aires;Buenos Aires
La Pampa;;;buenos aires;Buenos Aires
Etman Multioriginal;0291-4565000;ventas@etman.com.ar;buenos aires;Buenos Aires
Distribuidora Libertad;0223-4741222 / 3;libertad@speedy.com.ar;buenos aires;Buenos Aires
Distrisur;0341-4635000;ventas@asirsa.com.ar;buenos aires;Buenos Aires
Santa Fe;;;buenos aires;Buenos Aires
Megaparts Autopiezas;0291-4502004 / 602;ventas@megaparts.com.ar;buenos aires;Buenos Aires
Todo Suspensión;011 4686-4709 / 5553;todosusp@speedy.com.ar;buenos aires;Buenos Aires
Pagano & Cía;(02346) 43-0999 / 42-4325;ventas@paganoycia.com.ar;buenos aires;Buenos Aires
Der Distribuciones;(011) 4846-7500 / 6958-8882;info@derdistribuciones.com.ar;buenos aires;Buenos Aires
Expoyer;(011) 7090-2700/2701/2702/2703/2704;info@expoyer.com.ar;buenos aires;Buenos Aires
Autopiezas Centenario;011 4286-4977 / 4286-2624 / 4276-4910;info@centenarioglobal.com.ar;Buenos Aires;Buenos Aires - GBA
Distribuidora Sur S.H;011 4293-2111;distrisursh@uolsinectics.com.ar;Buenos Aires;Buenos Aires - GBA
Autopiezas Centenario;011 4286-4977 / 4286-2624 / 4276-4910;info@centenarioglobal.com.ar;Buenos Aires;Buenos Aires - GBA
Distribuidora Sur S.H;011 4293-2111;distrisursh@uolsinectics.com.ar;Buenos Aires;Buenos Aires - GBA
Distrisuper S.R.L.;02302-423388/422115;adminpico@distrisuper.com;La Pampa;Buenos Aires - GBA
Original Suspensión;011 15-6382-9068;victorch@live.com.ar;Buenos Aires;Buenos Aires - GBA
Autopiezas Centenario;011 4286-4977 / 4286-2624 / 4276-4910;info@centenarioglobal.com.ar;Buenos Aires;Buenos Aires - GBA
Distribuidora Sur S.H;011 4293-2111;distrisursh@uolsinectics.com.ar;Buenos Aires;Buenos Aires - GBA
Der Distribuciones;(011) 4846-7500 / 6958-8882;info@derdistribuciones.com.ar;Buenos Aires;Buenos Aires - GBA
Expoyer;(011) 7090-2700/2701/2702/2703/2704;info@expoyer.com.ar;Buenos Aires;Buenos Aires - GBA
Original Suspensión;011 15-6382-9068;victorch@live.com.ar;Buenos Aires;Capital Federal
Autopiezas Centenario;011 4286-4977 / 4286-2624 / 4276-4910;info@centenarioglobal.com.ar;Buenos Aires;Capital Federal
Discam;011 4755-1323;discam@arnetbiz.com.ar;Buenos Aires;Capital Federal
Distribuidora Sur S.H;011 4293-2111;distrisursh@uolsinectics.com.ar;Buenos Aires;Capital Federal
Der Distribuciones;(011) 4846-7500 / 6958-8882;info@derdistribuciones.com.ar;Buenos Aires;Capital Federal
Expoyer;(011) 7090-2700/2701/2702/2703/2704;info@expoyer.com.ar;Buenos Aires;Capital Federal
J.F. Correa;0381-4241084 / 4246923;jfcorrea@arnet.com.ar;Tucumán;Catamarca
Etman Multioriginal;0291-4565000;ventas@etman.com.ar;Buenos Aires;Catamarca
Rural Santa Fe SAICA;0342-4884500;ruralsantafe@arnet.com.ar;Santa Fe;Catamarca
Distribuidora Fazio;0351-4536000;info@nestorfazio.com.ar;Córdoba;Catamarca
Der Distribuciones;(011) 4846-7500 / 6958-8882;info@derdistribuciones.com.ar;Buenos Aires;Catamarca
Expoyer;(011) 7090-2700/2701/2702/2703/2704;info@expoyer.com.ar;Buenos Aires;Catamarca
J.F. Correa;0381-4241084 / 4246923;jfcorrea@arnet.com.ar;Tucumán;Chaco
Etman Multioriginal;0291-4565000;ventas@etman.com.ar;Buenos Aires;Chaco
Rural Santa Fe SAICA;0342-4884500;ruralsantafe@arnet.com.ar;Santa Fe;Chaco
Distribuidora Fazio;0351-4536000;info@nestorfazio.com.ar;Córdoba;Chaco
Der Distribuciones;(011) 4846-7500 / 6958-8882;info@derdistribuciones.com.ar;Buenos Aires;Chaco
Expoyer;(011) 7090-2700/2701/2702/2703/2704;info@expoyer.com.ar;Buenos Aires;Chaco
Cedisa;0299-4432256;cedisaventas@speedy.com.ar;Neuquén;Chubut
Etman Multioriginal;0291-4565000;ventas@etman.com.ar;Buenos Aires;Chubut
Juma S.A.;0229-4424529;jumasa@speedy.com.ar;Neuquén;Chubut
Megaparts Autopiezas;0291-4502004 / 602;ventas@megaparts.com.ar;Buenos Aires;Chubut
Todo Suspensión;011 4686-4709 / 5553;todosusp@speedy.com.ar;Buenos Aires;Chubut
Der Distribuciones;(011) 4846-7500 / 6958-8882;info@derdistribuciones.com.ar;Buenos Aires;Chubut
Expoyer;(011) 7090-2700/2701/2702/2703/2704;info@expoyer.com.ar;Buenos Aires;Chubut
Discam;011 4755-1323;discam@arnetbiz.com.ar;Buenos Aires;Cordoba
Etman Multioriginal;0291-4565000;ventas@etman.com.ar;Buenos Aires;Cordoba
Distribuidora Fazio;0351-4536000;info@nestorfazio.com.ar;Córdoba;Cordoba
Distribuidora Libertad;0223-4741222 / 3;libertad@speedy.com.ar;Buenos Aires;Cordoba
Distrisur;0341-4635000;ventas@asirsa.com.ar;Santa Fe;Cordoba
Todo Suspensión;011 4686-4709 / 5553;todosusp@speedy.com.ar;Buenos Aires;Cordoba
Rural Santa Fe SAICA;0342-4884500;ruralsantafe@arnet.com.ar;Santa Fe;Cordoba
Peón Repuestos;(0351) 560-4480;peonrepuesto@gmail.com;Córdoba;Cordoba
Der Distribuciones;(011) 4846-7500 / 6958-8882;info@derdistribuciones.com.ar;Buenos Aires;Cordoba
Expoyer;(011) 7090-2700/2701/2702/2703/2704;info@expoyer.com.ar;Buenos Aires;Cordoba
Peón Repuestos;(0351) 560-4480;peonrepuesto@gmail.com;Córdoba;Cordoba
Autopiezas Mayca;011 4585-3489 / 3;info@maycasrl.com ;Buenos Aires;Corrientes
Etman Multioriginal;0291-4565000;ventas@etman.com.ar;Buenos Aires;Corrientes
Distribuidora Racer;0362-4448447;racer@arnet.com.ar;Chaco;Corrientes
Autopartes Sol;03755-499194 / 499484;autopartessolsrl@gmail.com;Misiones;Corrientes
Distrisur;0341-4635000;ventas@asirsa.com.ar;Santa Fe;Corrientes
Rural Santa Fe SAICA;0342-4884500;ruralsantafe@arnet.com.ar;Santa Fe;Corrientes
Warnes Distribución;(03755) 42-5115;info@grupowarnes.com.ar;Misiones;Corrientes
Der Distribuciones;(011) 4846-7500 / 6958-8882;info@derdistribuciones.com.ar;Buenos Aires;Corrientes
Expoyer;(011) 7090-2700/2701/2702/2703/2704;info@expoyer.com.ar;Buenos Aires;Corrientes
Autopiezas Mayca;011 4585-3489 / 3;info@maycasrl.com ;Buenos Aires;Entre Rios
Etman Multioriginal;0291-4565000;ventas@etman.com.ar;Buenos Aires;Entre Rios
Distribuidora Sur S.H;011 4293-2111;distrisursh@uolsinectics.com.ar;Buenos Aires;Entre Rios
Distrisur;0341-4635000;ventas@asirsa.com.ar;Santa Fe;Entre Rios
Rural Santa Fe SAICA;0342-4884500;ruralsantafe@arnet.com.ar;Santa Fe;Entre Rios
Der Distribuciones;(011) 4846-7500 / 6958-8882;info@derdistribuciones.com.ar;Buenos Aires;Entre Rios
Expoyer;(011) 7090-2700/2701/2702/2703/2704;info@expoyer.com.ar;Buenos Aires;Entre Rios
Autopiezas Mayca;011 4585-3489 / 3;info@maycasrl.com ;Buenos Aires;Formosa
Etman Multioriginal;0291-4565000;ventas@etman.com.ar;Buenos Aires;Formosa
Distribuidora Racer;0362-4448447;racer@arnet.com.ar;Chaco;Formosa
Distribuidora Sur S.H;011 4293-2111;distrisursh@uolsinectics.com.ar;Buenos Aires;Formosa
Distrisur;0341-4635000;ventas@asirsa.com.ar;Santa Fe;Formosa
Rural Santa Fe SAICA;0342-4884500;ruralsantafe@arnet.com.ar;Santa Fe;Formosa
Warnes Distribución;(03755) 42-5115;info@grupowarnes.com.ar;Misiones;Formosa
Der Distribuciones;(011) 4846-7500 / 6958-8882;info@derdistribuciones.com.ar;Buenos Aires;Formosa
Expoyer;(011) 7090-2700/2701/2702/2703/2704;info@expoyer.com.ar;Buenos Aires;Formosa
Discam;011 4755-1323;discam@arnetbiz.com.ar;Buenos Aires;Jujuy
Etman Multioriginal;0291-4565000;ventas@etman.com.ar;Buenos Aires;Jujuy
Distribuidora Fazio;0351-4536000;info@nestorfazio.com.ar;Córdoba;Jujuy
J.F. Correa;0381-4241084 / 4246923;jfcorrea@arnet.com.ar;Tucumán;Jujuy
Rural Santa Fe SAICA;0342-4884500;ruralsantafe@arnet.com.ar;Santa Fe;Jujuy
Autopiezas Centenario;011 4286-4977 / 4286-2624 / 4276-4910;info@centenarioglobal.com.ar;Buenos Aires;Jujuy
Der Distribuciones;(011) 4846-7500 / 6958-8882;info@derdistribuciones.com.ar;Buenos Aires;Jujuy
Expoyer;(011) 7090-2700/2701/2702/2703/2704;info@expoyer.com.ar;Buenos Aires;Jujuy
Distrisuper S.R.L.;02302-423388/422115;adminpico@distrisuper.com;La Pampa;La Pampa
Etman Multioriginal;0291-4565000;ventas@etman.com.ar;Buenos Aires;La Pampa
Todo Suspensión;011 4686-4709 / 5553;todosusp@speedy.com.ar;Buenos Aires;La Pampa
Der Distribuciones;(011) 4846-7500 / 6958-8882;info@derdistribuciones.com.ar;Buenos Aires;La Pampa
Expoyer;(011) 7090-2700/2701/2702/2703/2704;info@expoyer.com.ar;Buenos Aires;La Pampa
Nombre;Teléfono;Email;Provincia;La Rioja
Discam;011 4755-1323;discam@arnetbiz.com.ar;Buenos Aires;La Rioja
Etman Multioriginal;0291-4565000;ventas@etman.com.ar;Buenos Aires;La Rioja
Distribuidora Fazio;0351-4536000;info@nestorfazio.com.ar;Córdoba;La Rioja
J.F. Correa;0381-4241084 / 4246923;jfcorrea@arnet.com.ar;Tucumán;La Rioja
Rural Santa Fe SAICA;0342-4884500;ruralsantafe@arnet.com.ar;Santa Fe;La Rioja
Der Distribuciones;(011) 4846-7500 / 6958-8882;info@derdistribuciones.com.ar;Buenos Aires;La Rioja
Expoyer;(011) 7090-2700/2701/2702/2703/2704;info@expoyer.com.ar;Buenos Aires;La Rioja
Guido Badaloni S.A.;0261-4314678;info@guidobadaloni.com;Mendoza;Mendoza
Etman Multioriginal;0291-4565000;ventas@etman.com.ar;Buenos Aires;Mendoza
Der Distribuciones;(011) 4846-7500 / 6958-8882;info@derdistribuciones.com.ar;Buenos Aires;Mendoza
Expoyer;(011) 7090-2700/2701/2702/2703/2704;info@expoyer.com.ar;Buenos Aires;Mendoza
Autopartes Sol;03755-499194 / 499484;autopartessolsrl@gmail.com;Misiones;Misiones
Etman Multioriginal;0291-4565000;ventas@etman.com.ar;Buenos Aires;Misiones
Distribuidora Racer;0362-4448447;racer@arnet.com.ar;Chaco;Misiones
Distrisur;0341-4635000;ventas@asirsa.com.ar;Santa Fe;Misiones
Rural Santa Fe SAICA;0342-4884500;ruralsantafe@arnet.com.ar;Santa Fe;Misiones
Warnes Distribución;(03755) 42-5115;info@grupowarnes.com.ar;Misiones;Misiones
Der Distribuciones;(011) 4846-7500 / 6958-8882;info@derdistribuciones.com.ar;Buenos Aires;Misiones
Expoyer;(011) 7090-2700/2701/2702/2703/2704;info@expoyer.com.ar;Buenos Aires;Misiones
Cedisa;0299-4432256;cedisaventas@speedy.com.ar;Neuquén;Neuquen
Etman Multioriginal;0291-4565000;ventas@etman.com.ar;Buenos Aires;Neuquen
Autopiezas Centenario;011 4286-4977 / 4286-2624 / 4276-4910;info@centenarioglobal.com.ar;Buenos Aires;Neuquen
Juma S.A.;0229-4424529;jumasa@speedy.com.ar;Neuquén;Neuquen
Todo Suspensión;011 4686-4709 / 5553;todosusp@speedy.com.ar;Buenos Aires;Neuquen
Der Distribuciones;(011) 4846-7500 / 6958-8882;info@derdistribuciones.com.ar;Buenos Aires;Neuquen
Expoyer;(011) 7090-2700/2701/2702/2703/2704;info@expoyer.com.ar;Buenos Aires;Neuquen
Cedisa;0299-4432256;cedisaventas@speedy.com.ar;Neuquén;Rio Negro
Etman Multioriginal;0291-4565000;ventas@etman.com.ar;Buenos Aires;Rio Negro
Autopiezas Centenario;011 4286-4977 / 4286-2624 / 4276-4910;info@centenarioglobal.com.ar;Buenos Aires;Rio Negro
Juma S.A.;0229-4424529;jumasa@speedy.com.ar;Neuquén;Rio Negro
Todo Suspensión;011 4686-4709 / 5553;todosusp@speedy.com.ar;Buenos Aires;Rio Negro
Megaparts Autopiezas;0291-4502004/ 602;ventas@megaparts.com.ar;Buenos Aires;Rio Negro
Der Distribuciones;(011) 4846-7500 / 6958-8882;info@derdistribuciones.com.ar;Buenos Aires;Rio Negro
Expoyer;(011) 7090-2700/2701/2702/2703/2704;info@expoyer.com.ar;Buenos Aires;Rio Negro
Nombre;Teléfono;Email;Provincia;Salta
Discam;011 4755-1323;discam@arnetbiz.com.ar;Buenos Aires;Salta
Etman Multioriginal;0291-4565000;ventas@etman.com.ar;Buenos Aires;Salta
Distribuidora Fazio;0351-4536000;info@nestorfazio.com.ar;Córdoba;Salta
J.F. Correa;0381-4241084 / 4246923;jfcorrea@arnet.com.ar;Tucumán;Salta
Rural Santa Fe SAICA;0342-4884500;ruralsantafe@arnet.com.ar;Santa Fe;Salta
Autopiezas Centenario;011 4286-4977 / 4286-2624 / 4276-4910;info@centenarioglobal.com.ar;Buenos Aires;Salta
Der Distribuciones;(011) 4846-7500 / 6958-8882;info@derdistribuciones.com.ar;Buenos Aires;Salta
Expoyer;(011) 7090-2700/2701/2702/2703/2704;info@expoyer.com.ar;Buenos Aires;Salta
Guido Badaloni S.A.;0261-4314678;info@guidobadaloni.com;Mendoza;San Juan
Etman Multioriginal;0291-4565000;ventas@etman.com.ar;Buenos Aires;San Juan
Distribuidora Fazio;0351-4536000;info@nestorfazio.com.ar;Córdoba;San Juan
Der Distribuciones;(011) 4846-7500 / 6958-8882;info@derdistribuciones.com.ar;Buenos Aires;San Juan
Expoyer;(011) 7090-2700/2701/2702/2703/2704;info@expoyer.com.ar;Buenos Aires;San Juan
Guido Badaloni S.A.;0261-4314678;info@guidobadaloni.com;Mendoza;San Luis
Etman Multioriginal;0291-4565000;ventas@etman.com.ar;Buenos Aires;San Luis
Distribuidora Fazio;0351-4536000;info@nestorfazio.com.ar;Córdoba;San Luis
Der Distribuciones;(011) 4846-7500 / 6958-8882;info@derdistribuciones.com.ar;Buenos Aires;San Luis
Expoyer;(011) 7090-2700/2701/2702/2703/2704;info@expoyer.com.ar;Buenos Aires;San Luis
Todo Suspensión;011 4686-4709 / 5553;todosusp@speedy.com.ar;Buenos Aires;Santa Cruz
Etman Multioriginal;0291-4565000;ventas@etman.com.ar;Buenos Aires;Santa Cruz
Cedisa;0299-4432256;cedisaventas@speedy.com.ar;Neuquén;Santa Cruz
Juma S.A.;0229-4424529;jumasa@speedy.com.ar;Neuquén;Santa Cruz
Megaparts Autopiezas;0291-4502004/ 602;ventas@megaparts.com.ar;Buenos Aires;Santa Cruz
Der Distribuciones;(011) 4846-7500 / 6958-8882;info@derdistribuciones.com.ar;Buenos Aires;Santa Cruz
Expoyer;(011) 7090-2700/2701/2702/2703/2704;info@expoyer.com.ar;Buenos Aires;Santa Cruz
Rural Santa Fe SAICA;0342-4884500;ruralsantafe@arnet.com.ar;Santa Fe;Santa Fe
Etman Multioriginal;0291-4565000;ventas@etman.com.ar;Buenos Aires;Santa Fe
Discam;011 4755-1323;discam@arnetbiz.com.ar;Buenos Aires;Santa Fe
Distribuidora Libertad;0223-4741222 / 3;libertad@speedy.com.ar;Buenos Aires;Santa Fe
Distrisur;0341-4635000;ventas@asirsa.com.ar;Santa Fe;Santa Fe
Autopiezas Mayca;011 4585-3489 / 3;info@maycasrl.com ;Buenos Aires;Santa Fe
Der Distribuciones;(011) 4846-7500 / 6958-8882;info@derdistribuciones.com.ar;Buenos Aires;Santa Fe
Expoyer;(011) 7090-2700/2701/2702/2703/2704;info@expoyer.com.ar;Buenos Aires;Santa Fe
Nombre;Teléfono;Email;Provincia;Santiago del Estero
Rural Santa Fe SAICA;0342-4884500;ruralsantafe@arnet.com.ar;Santa Fe;Santiago del Estero
Etman Multioriginal;0291-4565000;ventas@etman.com.ar;Buenos Aires;Santiago del Estero
J.F. Correa;0381-4241084 / 4246923;jfcorrea@arnet.com.ar;Tucumán;Santiago del Estero
Distribuidora Fazio;0351-4536000;info@nestorfazio.com.ar;Córdoba;Santiago del Estero
Der Distribuciones;(011) 4846-7500 / 6958-8882;info@derdistribuciones.com.ar;Buenos Aires;Santiago del Estero
Expoyer;(011) 7090-2700/2701/2702/2703/2704;info@expoyer.com.ar;Buenos Aires;Santiago del Estero
Cedisa;0299-4432256;cedisaventas@speedy.com.ar;Neuquén;Tierra del Fuego
Etman Multioriginal;0291-4565000;ventas@etman.com.ar;Buenos Aires;Tierra del Fuego
Der Distribuciones;(011) 4846-7500 / 6958-8882;info@derdistribuciones.com.ar;Buenos Aires;Tierra del Fuego
Expoyer;(011) 7090-2700/2701/2702/2703/2704;info@expoyer.com.ar;Buenos Aires;Tierra del Fuego
Rural Santa Fe SAICA;0342-4884500;ruralsantafe@arnet.com.ar;Santa Fe;Tucuman
Etman Multioriginal;0291-4565000;ventas@etman.com.ar;Buenos Aires;Distribuidores
J.F. Correa;0381-4241084 / 4246923;jfcorrea@arnet.com.ar;Tucumán;Distribuidores
Distribuidora Fazio;0351-4536000;info@nestorfazio.com.ar;Córdoba;Distribuidores
Distribuidora Sur S.H;011 4293-2111;distrisursh@uolsinectics.com.ar;Buenos Aires;Distribuidores
Autopiezas Centenario;011 4286-4977 / 4286-2624 / 4276-4910;info@centenarioglobal.com.ar;Buenos Aires;Distribuidores
Der Distribuciones;(011) 4846-7500 / 6958-8882;info@derdistribuciones.com.ar;Buenos Aires;Distribuidores
Expoyer;(011) 7090-2700/2701/2702/2703/2704;info@expoyer.com.ar;Buenos Aires;Distribuidores
